City_ID,City,Country,Date,Lat,Lng,Max Temp,Humidity,Cloudiness,Wind Speed
0,Hilo,US,2021-04-01 21:17:50,19.7297,-155.09,78.8,65,40,11.5
1,Swellendam,ZA,2021-04-01 21:21:29,-34.0226,20.4417,62.6,72,99,5.75
2,Kaitangata,NZ,2021-04-01 21:21:30,-46.2817,169.8464,55.99,70,100,15.01
3,Samana,DO,2021-04-01 21:21:30,19.2056,-69.3369,82.4,78,20,11.5
4,Butaritari,KI,2021-04-01 21:21:30,3.0707,172.7902,82.38,77,51,13.76
5,Mantua,IT,2021-04-01 21:21:31,45.1667,10.7833,61.0,67,0,3.44
6,Upernavik,GL,2021-04-01 21:21:31,72.7868,-56.1549,27.93,72,100,7.58
7,Boa Vista,BR,2021-04-01 21:21:31,2.8197,-60.6733,91.4,38,20,10.36
8,Kungurtug,RU,2021-04-01 21:21:32,50.5994,97.5228,8.78,93,5,1.97
9,Berlevag,NO,2021-04-01 21:21:32,70.8578,29.0864,30.18,91,100,3.22
10,Busselton,AU,2021-04-01 21:21:32,-33.65,115.3333,66.0,98,69,4.0
11,Shelbyville,US,2021-04-01 21:21:33,35.4834,-86.4603,46.99,39,17,14.97
12,Cuamba,MZ,2021-04-01 21:21:33,-14.8031,36.5372,63.28,92,41,2.89
13,Meaux,FR,2021-04-01 21:21:33,48.9167,3.0,60.01,73,4,3.0
14,Hobart,AU,2021-04-01 21:20:18,-42.8794,147.3294,57.99,77,75,1.52
15,Kapaa,US,2021-04-01 21:21:34,22.0752,-159.319,78.8,73,1,14.97
16,Bluff,NZ,2021-04-01 21:21:34,-46.6,168.3333,55.99,76,100,15.01
17,Oranjestad,AW,2021-04-01 21:17:26,12.524,-70.027,82.99,74,20,24.16
18,Hualmay,PE,2021-04-01 21:21:34,-11.0964,-77.6139,74.14,72,41,12.26
19,Ponta Do Sol,PT,2021-04-01 21:21:35,32.6667,-17.1,59.0,73,0,3.0
20,Ushuaia,AR,2021-04-01 21:21:17,-54.8,-68.3,57.2,44,20,17.27
21,Poso,ID,2021-04-01 21:19:21,-1.3959,120.7524,79.0,84,97,3.11
22,Ust-Nera,RU,2021-04-01 21:21:35,64.5667,143.2,-3.14,97,99,3.24
23,Lebu,CL,2021-04-01 21:21:35,-37.6167,-73.65,59.05,82,56,12.41
24,Tahta,EG,2021-04-01 21:21:36,26.7693,31.5021,66.2,32,0,5.75
25,Rikitea,PF,2021-04-01 21:21:36,-23.1203,-134.9692,74.73,86,100,16.04
26,Bathsheba,BB,2021-04-01 21:17:18,13.2167,-59.5167,80.6,54,20,19.57
27,San Cristobal,VE,2021-04-01 21:21:11,7.7669,-72.225,84.2,65,40,6.91
28,Granville,AU,2021-04-01 21:21:36,-33.8333,151.0167,63.0,97,72,2.82
29,Bislig,PH,2021-04-01 21:21:37,8.2167,126.2833,73.8,95,100,0.92
30,Hithadhoo,MV,2021-04-01 21:21:33,-0.6,73.0833,83.3,77,25,18.01
31,San Patricio,US,2021-04-01 21:21:37,28.017,-97.5169,69.01,40,40,18.41
32,Barentu,ER,2021-04-01 21:20:27,15.1139,37.5928,80.58,44,63,8.1
33,Mataura,NZ,2021-04-01 21:21:17,-46.1927,168.8643,55.99,76,100,15.01
34,Katsuura,JP,2021-04-01 21:21:38,35.1333,140.3,57.99,71,92,14.25
35,Cape Town,ZA,2021-04-01 21:20:46,-33.9258,18.4232,63.0,67,0,14.97
36,Lagoa,PT,2021-04-01 21:17:34,39.05,-27.9833,59.49,83,100,24.65
37,Raudeberg,NO,2021-04-01 21:21:38,61.9875,5.1352,41.0,93,100,12.01
38,Ucluelet,CA,2021-04-01 21:16:50,48.9329,-125.5528,50.0,81,75,9.22
39,Dunedin,NZ,2021-04-01 21:21:39,-45.8742,170.5036,52.0,82,100,10.0
40,Aksarka,RU,2021-04-01 21:21:39,66.5606,67.7975,21.76,96,100,2.77
41,Vaini,TO,2021-04-01 21:21:15,-21.2,-175.2,84.2,79,75,6.91
42,Atuona,PF,2021-04-01 21:21:15,-9.8,-139.0333,80.67,81,60,16.13
43,Avarua,CK,2021-04-01 21:21:39,-21.2078,-159.775,84.2,74,40,12.66
44,Robertson,US,2021-04-01 21:21:40,36.5167,-86.8667,46.0,42,40,11.5
45,Srednekolymsk,RU,2021-04-01 21:21:40,67.45,153.6833,-14.15,99,96,5.93
46,Evinayong,GQ,2021-04-01 21:21:40,1.4368,10.5512,68.25,96,90,2.26
47,Pano Polemidia,CY,2021-04-01 21:21:40,34.7,33.0,48.2,93,40,3.44
48,Sechura,PE,2021-04-01 21:21:41,-5.5569,-80.8222,80.65,58,56,12.28
49,Gardez,AF,2021-04-01 21:21:41,33.5974,69.2259,38.07,42,0,4.21
50,Castro,BR,2021-04-01 21:21:41,-24.7911,-50.0119,61.11,69,0,4.09
51,Albany,US,2021-04-01 21:21:06,42.6001,-73.9662,37.99,75,100,1.99
52,Imbituba,BR,2021-04-01 21:21:42,-28.24,-48.6703,73.4,68,75,11.5
53,Chokurdakh,RU,2021-04-01 21:21:42,70.6333,147.9167,-14.19,99,83,3.0
54,Georgetown,MY,2021-04-01 21:21:15,5.4112,100.3354,84.0,89,20,3.44
55,Dahuk,IQ,2021-04-01 21:21:43,36.8695,42.994,52.27,55,0,3.6
56,Talnakh,RU,2021-04-01 21:21:43,69.4865,88.3972,-16.4,87,4,7.07
57,Port Alfred,ZA,2021-04-01 21:21:43,-33.5906,26.891,67.1,79,83,6.67
58,Flinders,AU,2021-04-01 21:21:43,-34.5833,150.8552,61.0,91,51,1.01
59,Torbay,CA,2021-04-01 21:21:44,47.6666,-52.7314,41.0,52,75,5.75
60,Tavda,RU,2021-04-01 21:21:44,58.0425,65.2726,33.93,96,100,8.84
61,Kudat,MY,2021-04-01 21:21:44,6.8837,116.8477,78.8,94,20,3.44
62,Bredasdorp,ZA,2021-04-01 21:21:45,-34.5322,20.0403,62.6,72,100,5.75
63,Tasiilaq,GL,2021-04-01 21:21:45,65.6145,-37.6368,30.2,86,75,2.3
64,Arraial Do Cabo,BR,2021-04-01 21:21:24,-22.9661,-42.0278,78.8,78,20,23.02
65,Yerbogachen,RU,2021-04-01 21:21:45,61.2767,108.0108,-6.48,99,98,0.98
66,Guerrero Negro,MX,2021-04-01 21:21:46,27.9769,-114.0611,74.82,39,2,16.13
67,Saint Stephen,GB,2021-04-01 21:21:46,50.3333,-4.9,53.6,76,49,6.91
68,Trudovoye,RU,2021-04-01 21:21:46,43.3058,132.0817,33.8,75,100,6.71
69,Vestmannaeyjar,IS,2021-04-01 21:21:46,63.4427,-20.2734,42.84,72,100,17.43
70,Punta Arenas,CL,2021-04-01 21:21:47,-53.15,-70.9167,50.0,81,0,13.8
71,Luganville,VU,2021-04-01 21:21:47,-15.5333,167.1667,81.82,82,90,4.56
72,Sorland,NO,2021-04-01 21:21:47,67.667,12.6934,39.43,73,100,22.7
73,Wasilla,US,2021-04-01 21:21:48,61.5814,-149.4394,26.6,50,1,3.44
74,Cidreira,BR,2021-04-01 21:21:48,-30.1811,-50.2056,70.45,69,69,10.2
75,Palmer,US,2021-04-01 21:21:49,42.1584,-72.3287,45.0,49,90,14.97
76,Paka,MY,2021-04-01 21:21:49,4.6374,103.4368,73.4,100,99,4.85
77,Iwanai,JP,2021-04-01 21:21:49,42.9744,140.5089,35.38,74,26,4.29
78,Aksu,CN,2021-04-01 21:21:49,41.1231,80.2644,39.52,82,100,10.89
79,Airai,TL,2021-04-01 21:21:50,-8.9266,125.4092,60.98,95,100,3.2
80,Sala,MA,2021-04-01 21:21:50,34.0389,-6.8166,62.01,94,0,3.44
81,Lasa,IT,2021-04-01 21:21:50,46.6166,10.7002,59.0,70,0,4.61
82,Hetauda,NP,2021-04-01 21:21:51,27.4284,85.0322,53.6,76,20,3.44
83,Gra Liyia,GR,2021-04-01 21:21:51,35.0167,25.6833,54.0,57,27,5.75
84,Barrow,US,2021-04-01 21:21:51,71.2906,-156.7887,-7.6,64,1,5.75
85,Tuktoyaktuk,CA,2021-04-01 21:21:52,69.4541,-133.0374,-14.8,70,75,16.11
86,Koumac,NC,2021-04-01 21:21:52,-20.5667,164.2833,74.52,83,100,13.56
87,Cayenne,GF,2021-04-01 21:18:57,4.9333,-52.3333,82.4,74,75,11.5
88,Chaman,PK,2021-04-01 21:21:52,30.9236,66.4512,61.68,21,3,7.96
89,Bonavista,CA,2021-04-01 21:21:53,48.6499,-53.1147,42.8,70,10,5.75
90,Ribeira Grande,PT,2021-04-01 21:21:53,38.5167,-28.7,62.6,82,75,20.71
91,Caravelas,BR,2021-04-01 21:21:53,-17.7125,-39.2481,77.83,86,45,5.03
92,Mercedes,AR,2021-04-01 21:21:53,-34.6515,-59.4307,72.0,61,80,5.01
93,Coihaique,CL,2021-04-01 21:21:54,-45.5752,-72.0662,57.2,67,75,4.61
94,Puerto Ayora,EC,2021-04-01 21:21:54,-0.7393,-90.3518,82.4,74,20,6.91
95,Sur,OM,2021-04-01 21:21:55,22.5667,59.5289,82.44,34,5,6.64
96,Panzhihua,CN,2021-04-01 21:21:55,26.5851,101.7128,53.01,63,52,2.66
97,Nikolskoye,RU,2021-04-01 21:21:46,59.7035,30.7861,35.6,75,0,4.47
98,Bambous Virieux,MU,2021-04-01 21:21:55,-20.3428,57.7575,78.8,89,40,8.05
99,Leningradskiy,RU,2021-04-01 21:21:55,69.3833,178.4167,-1.7,96,99,2.89
100,Huarmey,PE,2021-04-01 21:21:56,-10.0681,-78.1522,75.07,73,64,12.21
101,Lakhipur,IN,2021-04-01 21:21:56,26.0299,90.3041,71.65,43,0,2.51
102,Saskylakh,RU,2021-04-01 21:21:56,71.9167,114.0833,-38.25,100,100,4.41
103,Saldanha,ZA,2021-04-01 21:21:57,-33.0117,17.9442,59.0,82,82,6.91
104,Qaanaaq,GL,2021-04-01 21:21:57,77.484,-69.3632,5.27,83,100,2.1
105,Jamestown,US,2021-04-01 21:21:17,42.097,-79.2353,28.0,93,90,24.16
106,Garowe,SO,2021-04-01 21:21:57,8.4054,48.4845,72.41,53,36,9.28
107,Merauke,ID,2021-04-01 21:21:58,-8.4667,140.3333,76.48,92,100,4.97
108,Ternate,ID,2021-04-01 21:21:58,0.8,127.4,80.58,83,100,6.38
109,Victoria,HK,2021-04-01 21:19:16,22.2855,114.1577,78.01,87,95,8.3
110,Iqaluit,CA,2021-04-01 21:21:56,63.7506,-68.5145,-11.2,58,1,12.66
111,Isiro,CD,2021-04-01 21:21:59,2.7739,27.616,67.35,91,93,1.79
112,Port Elizabeth,ZA,2021-04-01 21:21:06,-33.918,25.5701,60.8,88,75,3.44
113,Aswan,EG,2021-04-01 21:21:59,24.0934,32.907,67.8,26,0,9.71
114,Santa Rosa,PH,2021-04-01 21:21:59,14.3122,121.1114,79.0,73,20,2.3
115,Taoudenni,ML,2021-04-01 21:21:08,22.6783,-3.9836,90.23,7,94,7.38
116,Bengkulu,ID,2021-04-01 21:22:00,-3.8004,102.2655,75.63,90,99,11.14
117,Hermanus,ZA,2021-04-01 21:21:02,-34.4187,19.2345,61.0,76,100,1.01
118,Altay,CN,2021-04-01 21:22:00,47.8667,88.1167,23.43,53,0,8.41
119,Deputatskiy,RU,2021-04-01 21:17:29,69.3,139.9,-2.99,98,100,1.52
120,New Norfolk,AU,2021-04-01 21:17:24,-42.7826,147.0587,57.99,71,100,1.83
121,Inhambane,MZ,2021-04-01 21:22:01,-23.865,35.3833,73.29,68,0,9.84
122,Richards Bay,ZA,2021-04-01 21:22:01,-28.783,32.0377,73.22,83,100,3.65
123,Vardo,NO,2021-04-01 21:22:01,70.3705,31.1107,32.02,86,100,7.81
124,Thompson,CA,2021-04-01 21:21:45,55.7435,-97.8558,44.6,45,90,5.75
125,Pacific Grove,US,2021-04-01 21:20:13,36.6177,-121.9166,82.4,35,1,3.44
126,Nemuro,JP,2021-04-01 21:22:02,43.3236,145.575,34.39,85,2,5.95
127,Tullow,IE,2021-04-01 21:22:02,52.8003,-6.7369,45.0,88,7,10.0
128,Ivdel,RU,2021-04-01 21:22:03,60.6911,60.4206,23.45,95,62,3.4
129,Touros,BR,2021-04-01 21:22:03,-5.1989,-35.4608,80.6,78,40,8.05
130,Russell,US,2021-04-01 21:22:03,32.3502,-85.1999,57.2,24,1,21.85
131,Mbini,GQ,2021-04-01 21:22:03,1.574,9.6134,82.4,89,20,5.03
132,Yatou,CN,2021-04-01 21:22:04,37.15,122.3833,48.51,76,94,5.44
133,Manicore,BR,2021-04-01 21:22:04,-5.8092,-61.3003,76.66,92,100,4.65
134,Sarkand,KZ,2021-04-01 21:22:04,45.41,79.9186,31.6,95,100,5.95
135,Herat,AF,2021-04-01 21:22:05,34.5,62.0,49.23,38,10,6.22
136,San Marcos,US,2021-04-01 21:22:05,33.1434,-117.1661,90.0,8,1,14.97
137,Kodiak,US,2021-04-01 21:22:05,57.79,-152.4072,26.6,43,1,25.32
138,Yellowknife,CA,2021-04-01 21:19:29,62.456,-114.3525,19.4,79,90,12.66
139,Woodstock,CA,2021-04-01 21:22:06,43.1334,-80.7497,30.2,55,100,14.97
140,Khatanga,RU,2021-04-01 21:21:03,71.9667,102.5,-38.76,100,31,3.4
141,Halmstad,SE,2021-04-01 21:22:06,56.6745,12.8568,34.0,86,11,4.61
142,Grand Gaube,MU,2021-04-01 21:22:06,-20.0064,57.6608,77.0,84,12,3.0
143,Norman Wells,CA,2021-04-01 21:22:07,65.282,-126.8329,3.2,72,90,18.41
144,Havre-Saint-Pierre,CA,2021-04-01 21:18:45,50.2334,-63.5986,35.6,93,90,23.02
145,Birjand,IR,2021-04-01 21:18:15,32.8663,59.2211,50.0,20,0,4.61
146,East London,ZA,2021-04-01 21:22:07,-33.0153,27.9116,67.51,87,100,7.92
147,Huejuquilla El Alto,MX,2021-04-01 21:21:17,22.6,-103.8667,84.07,20,30,16.22
148,Codrington,AU,2021-04-01 21:21:20,-38.2667,141.9667,59.9,60,11,5.99
149,Nyurba,RU,2021-04-01 21:22:08,63.2842,118.3319,-10.16,90,66,8.79
150,Vila Franca Do Campo,PT,2021-04-01 21:22:08,37.7167,-25.4333,60.8,82,40,10.36
151,Zyryanka,RU,2021-04-01 21:22:08,65.75,150.85,-10.21,100,100,6.44
152,Christchurch,NZ,2021-04-01 21:22:09,-43.5333,172.6333,57.99,76,100,2.3
153,Paamiut,GL,2021-04-01 21:21:09,61.994,-49.6678,36.99,79,100,36.26
154,Esperance,AU,2021-04-01 21:22:09,-33.8667,121.9,69.8,23,0,17.27
155,Sao Filipe,CV,2021-04-01 21:22:09,14.8961,-24.4956,72.5,73,56,9.33
156,Constitucion,CL,2021-04-01 21:22:10,-35.3333,-72.4167,62.29,75,18,9.8
157,Moba,CN,2021-04-01 21:22:10,33.2288,105.0179,38.53,94,100,7.0
158,Kloulklubed,PW,2021-04-01 21:22:10,7.0419,134.2556,80.6,89,90,11.1
159,Byron Bay,AU,2021-04-01 21:22:10,-28.65,153.6167,71.6,64,40,14.97
160,Hailar,CN,2021-04-01 21:22:11,49.2,119.7,33.71,99,100,3.94
161,Fortuna,US,2021-04-01 21:21:42,40.5982,-124.1573,66.0,58,1,19.57
162,Elda,ES,2021-04-01 21:22:11,38.4778,-0.7916,60.01,54,0,6.11
163,San Carlos De Bariloche,AR,2021-04-01 21:22:11,-41.1456,-71.3082,66.2,52,75,5.75
164,Honiara,SB,2021-04-01 21:22:12,-9.4333,159.95,81.01,82,84,3.8
165,Kenai,US,2021-04-01 21:19:20,60.5544,-151.2583,26.6,46,1,9.22
166,Marica,BR,2021-04-01 21:22:12,-22.9194,-42.8186,80.6,61,40,14.97
167,Hami,CN,2021-04-01 21:19:07,42.8,93.45,43.86,20,0,2.64
168,Bekhtery,UA,2021-04-01 21:22:12,46.251,32.2927,45.36,73,0,4.94
169,Gunjur,GM,2021-04-01 21:22:13,13.2019,-16.7339,71.6,73,0,12.66
170,Talara,PE,2021-04-01 21:22:13,-4.5772,-81.2719,73.36,75,53,11.01
171,Geraldton,AU,2021-04-01 21:22:13,-28.7667,114.6,75.2,94,90,9.22
172,Faanui,PF,2021-04-01 21:22:14,-16.4833,-151.75,82.35,68,73,6.96
173,Houma,US,2021-04-01 21:22:14,29.5958,-90.7195,64.99,27,1,14.97
174,Marzuq,YE,2021-04-01 21:22:14,14.4,46.4667,69.01,28,24,4.45
175,Nuuk,GL,2021-04-01 21:22:15,64.1835,-51.7216,32.0,100,90,39.12
176,Longyearbyen,SJ,2021-04-01 21:18:31,78.2186,15.6401,30.2,69,75,11.5
177,Itarema,BR,2021-04-01 21:22:15,-2.9248,-39.9167,79.39,78,90,12.64
178,Sao Jose Do Egito,BR,2021-04-01 21:22:16,-7.4789,-37.2744,80.65,40,100,5.82
179,Alyangula,AU,2021-04-01 21:22:16,-13.8483,136.4192,80.19,73,95,9.57
180,Jawhar,SO,2021-04-01 21:22:16,2.7809,45.5005,79.86,78,88,10.98
181,Dikson,RU,2021-04-01 21:22:16,73.5069,80.5464,-9.53,80,100,7.72
182,Grindavik,IS,2021-04-01 21:22:17,63.8424,-22.4338,41.0,81,90,8.05
183,Provideniya,RU,2021-04-01 21:22:17,64.3833,-173.3,6.8,78,0,4.97
184,Lovozero,RU,2021-04-01 21:22:17,68.005,35.0117,27.75,97,99,7.25
185,Lethem,GY,2021-04-01 21:22:18,3.3803,-59.7968,95.0,29,92,12.08
186,Namibe,AO,2021-04-01 21:21:42,-15.1961,12.1522,75.83,83,40,5.99
187,Chepen,PE,2021-04-01 21:22:18,-7.2167,-79.45,80.6,50,0,19.57
188,Olafsvik,IS,2021-04-01 21:22:18,64.8945,-23.7142,40.37,82,100,12.24
189,Ketchikan,US,2021-04-01 21:22:19,55.3422,-131.6461,37.4,100,75,11.5
190,Los Llanos De Aridane,ES,2021-04-01 21:22:19,28.6585,-17.9182,66.2,72,0,10.36
191,Clyde River,CA,2021-04-01 21:22:19,70.4692,-68.5914,-14.8,70,1,19.57
192,Toyos,HN,2021-04-01 21:22:20,15.55,-87.65,87.8,58,40,16.11
193,Ous,RU,2021-04-01 21:22:20,60.9058,61.5186,28.29,91,43,6.35
194,Nizwa,OM,2021-04-01 21:22:20,22.9333,57.5333,76.71,29,6,3.49
195,Tazovskiy,RU,2021-04-01 21:22:20,67.4667,78.7,7.75,93,100,18.77
196,Sembabule,UG,2021-04-01 21:22:21,-0.0772,31.4567,63.95,85,81,5.21
197,Kathor,IN,2021-04-01 21:22:21,21.3,72.9333,78.3,74,2,10.76
198,Copiapo,CL,2021-04-01 21:22:18,-27.3667,-70.3333,66.2,55,0,14.97
199,Marawi,PH,2021-04-01 21:22:21,7.9986,124.2928,68.72,95,100,1.07
200,Luderitz,NA,2021-04-01 21:21:59,-26.6481,15.1594,68.45,65,0,10.47
201,Freetown,SL,2021-04-01 21:22:22,8.484,-13.2299,78.57,84,60,10.6
202,Fort Nelson,CA,2021-04-01 21:22:22,58.8053,-122.7002,39.2,35,75,19.57
203,Mandalgovi,MN,2021-04-01 21:22:23,45.7625,106.2708,24.58,55,31,10.31
204,Kandrian,PG,2021-04-01 21:22:23,-6.2167,149.55,78.06,86,31,3.71
205,Douentza,ML,2021-04-01 21:22:23,14.9951,-2.9517,83.26,6,0,5.99
206,Abhar,IR,2021-04-01 21:22:24,36.1468,49.218,49.32,68,26,3.0
207,Buin,CL,2021-04-01 21:22:24,-33.7333,-70.75,73.4,46,0,4.61
208,Gadarwara,IN,2021-04-01 21:22:24,22.9167,78.7833,77.31,10,0,2.33
209,Monrovia,LR,2021-04-01 21:22:24,6.3005,-10.7969,80.29,84,75,10.58
210,Dzilam Gonzalez,MX,2021-04-01 21:22:25,21.2833,-88.9333,83.26,57,4,12.37
211,Vao,NC,2021-04-01 21:22:25,-22.6667,167.4833,73.72,82,100,25.81
212,Petropavlovsk-Kamchatskiy,RU,2021-04-01 21:22:25,53.0452,158.6483,35.6,100,75,4.47
213,Mahebourg,MU,2021-04-01 21:21:40,-20.4081,57.7,78.8,89,40,8.05
214,Olinda,BR,2021-04-01 21:18:10,-8.0089,-34.8553,80.6,69,40,5.75
215,Klaksvik,FO,2021-04-01 21:22:26,62.2266,-6.589,42.8,87,75,12.66
216,Batagay-Alyta,RU,2021-04-01 21:22:26,67.8006,130.4114,-11.92,99,91,4.63
217,Axim,GH,2021-04-01 21:22:26,4.8699,-2.2405,79.75,87,54,6.35
218,Autazes,BR,2021-04-01 21:22:27,-3.5797,-59.1306,73.6,97,100,2.57
219,Fredericksburg,US,2021-04-01 21:17:59,38.3032,-77.4605,46.99,36,90,13.8
220,Bethel,US,2021-04-01 21:22:27,41.3712,-73.414,44.01,60,93,5.99
221,Mar Del Plata,AR,2021-04-01 21:19:11,-38.0023,-57.5575,69.01,63,0,11.5
222,Bubaque,GW,2021-04-01 21:22:27,11.2833,-15.8333,75.69,72,1,19.33
223,Leshukonskoye,RU,2021-04-01 21:22:28,64.8989,45.7622,29.19,95,97,6.26
224,Holme,DK,2021-04-01 21:22:28,56.1138,10.1725,39.0,80,3,1.14
225,Imperial,US,2021-04-01 21:22:28,33.0334,-115.4175,89.6,6,1,5.75
226,Broken Hill,AU,2021-04-01 21:22:29,-31.95,141.4333,62.6,51,0,6.91
227,Humaita,BR,2021-04-01 21:22:29,-7.5061,-63.0208,79.63,91,77,2.55
228,Ambon,ID,2021-04-01 21:22:29,-3.6954,128.1814,77.0,94,20,6.91
229,Laguna,US,2021-04-01 21:22:30,38.421,-121.4238,84.0,20,1,5.75
230,Hasaki,JP,2021-04-01 21:22:30,35.7333,140.8333,55.4,71,75,8.05
231,Port Hardy,CA,2021-04-01 21:22:30,50.6996,-127.4199,44.6,76,75,8.05
232,Haines Junction,CA,2021-04-01 21:21:50,60.7522,-137.5108,26.6,59,100,14.97
233,Sinnamary,GF,2021-04-01 21:22:31,5.3833,-52.95,78.24,82,89,12.21
234,Zhaotong,CN,2021-04-01 21:22:31,27.3167,103.7167,46.71,92,50,4.36
235,Nouadhibou,MR,2021-04-01 21:22:31,20.931,-17.0347,66.2,82,85,21.85
236,Taiyuan,CN,2021-04-01 21:22:31,37.8694,112.5603,41.0,81,90,4.47
237,Tawang,IN,2021-04-01 21:22:32,27.5833,91.8667,30.65,79,13,6.91
238,Saint-Francois,FR,2021-04-01 21:22:32,46.4154,3.9054,57.99,71,0,3.44
239,Xuddur,SO,2021-04-01 21:22:32,4.1213,43.8894,77.76,67,100,17.34
240,Vestmanna,FO,2021-04-01 21:22:33,62.1564,-7.1664,42.8,87,75,12.66
241,Coquimbo,CL,2021-04-01 21:22:33,-29.9533,-71.3436,64.4,68,0,11.5
242,Mount Gambier,AU,2021-04-01 21:22:33,-37.8333,140.7667,57.2,67,6,6.91
243,Chuy,UY,2021-04-01 21:22:34,-33.6971,-53.4616,66.11,67,62,7.94
244,Yuanping,CN,2021-04-01 21:22:34,38.7153,112.7575,44.4,86,100,0.69
245,Ugoofaaru,MV,2021-04-01 21:21:14,5.6667,73.0,83.75,77,100,10.56
246,Suclayin,PH,2021-04-01 21:22:34,15.7568,121.5503,72.66,93,99,1.9
247,Carnarvon,AU,2021-04-01 21:22:35,-24.8667,113.6333,75.2,94,40,3.44
248,Cookeville,US,2021-04-01 21:22:35,36.1628,-85.5016,44.6,36,40,9.22
249,Loiza,PR,2021-04-01 21:22:35,18.4313,-65.8802,82.4,65,20,16.11
250,Sao Paulo De Olivenca,BR,2021-04-01 21:22:36,-3.3783,-68.8725,81.61,83,92,2.15
251,Hambantota,LK,2021-04-01 21:22:36,6.1241,81.1185,79.25,82,24,14.79
252,Harper,LR,2021-04-01 21:22:36,4.375,-7.7169,79.12,87,25,9.26
253,Pevek,RU,2021-04-01 21:21:03,69.7008,170.3133,-14.13,95,54,3.04
254,Hearst,CA,2021-04-01 21:22:37,49.6835,-83.6665,30.2,19,17,5.75
255,Burnie,AU,2021-04-01 21:22:37,-41.0667,145.9167,60.15,81,100,4.65
256,Padang,ID,2021-04-01 21:22:37,-0.9492,100.3543,75.2,88,40,1.14
257,Sosnovoborsk,RU,2021-04-01 21:22:37,56.1325,93.3589,28.4,69,0,8.95
258,Jetafe,PH,2021-04-01 21:22:38,10.1472,124.1539,78.8,83,75,4.61
259,Lorengau,PG,2021-04-01 21:22:14,-2.0226,147.2712,81.48,79,99,4.56
260,Kavieng,PG,2021-04-01 21:22:38,-2.5744,150.7967,82.0,78,99,9.15
261,Sainte-Marie,RE,2021-04-01 21:22:38,-20.8968,55.5496,73.4,83,0,3.44
262,Alofi,NU,2021-04-01 21:20:26,-19.0595,-169.9187,84.2,74,40,13.8
263,Fairbanks,US,2021-04-01 21:21:58,64.8378,-147.7164,10.0,66,1,9.22
264,Hovd,MN,2021-04-01 21:22:39,48.0056,91.6419,26.55,56,77,4.03
265,San Vicente,AR,2021-04-01 21:22:39,-26.6167,-54.1333,68.97,51,28,4.52
266,Bulata,PH,2021-04-01 21:22:40,9.8599,122.4016,80.1,79,100,11.77
267,Severo-Kurilsk,RU,2021-04-01 21:22:40,50.6789,156.125,31.41,92,83,16.17
268,Alekseyevsk,RU,2021-04-01 21:22:40,57.8406,108.3492,-2.65,100,95,2.55
269,Teofilo Otoni,BR,2021-04-01 21:19:45,-17.8575,-41.5053,76.14,82,45,3.47
270,Noamundi,IN,2021-04-01 21:22:41,22.15,85.5333,71.62,54,2,2.13
271,Naryan-Mar,RU,2021-04-01 21:22:41,67.6713,53.087,24.24,98,99,1.28
272,Concepcion,CL,2021-04-01 21:22:41,-36.827,-73.0498,64.4,72,0,10.36
273,Kamina,CD,2021-04-01 21:22:42,-8.7386,24.9906,64.35,94,33,2.24
274,Nagato,JP,2021-04-01 21:22:42,34.3833,131.2,60.8,48,75,9.22
275,Aberdeen,GB,2021-04-01 21:22:42,57.1437,-2.0981,36.0,86,0,1.14
276,Creston,US,2021-04-01 21:22:42,41.0586,-94.3614,46.4,27,1,3.85
277,Tuatapere,NZ,2021-04-01 21:22:43,-46.1333,167.6833,55.99,76,100,15.01
278,Saint George,US,2021-04-01 21:21:01,37.1041,-113.5841,77.0,8,1,5.75
279,Grand-Santi,GF,2021-04-01 21:22:43,4.25,-54.3833,77.61,89,93,4.94
280,Tabou,CI,2021-04-01 21:22:44,4.423,-7.3528,79.95,84,48,9.57
281,Prince George,CA,2021-04-01 21:22:44,53.9166,-122.753,44.01,28,20,16.11
282,Suluq,LY,2021-04-01 21:22:44,31.6682,20.2521,56.66,54,0,6.13
283,Bonfim,BR,2021-04-01 21:22:45,3.0833,-59.95,94.96,30,99,4.0
284,Chulman,RU,2021-04-01 21:22:45,56.8479,124.9104,7.57,96,91,1.83
285,Norrtalje,SE,2021-04-01 21:22:45,59.758,18.705,39.0,65,0,4.61
286,Merrill,US,2021-04-01 21:22:46,45.1805,-89.6835,39.2,28,1,6.91
287,Biak,ID,2021-04-01 21:22:46,-0.9131,122.8766,77.72,81,99,2.28
288,Vostok,RU,2021-04-01 21:22:46,46.4856,135.8833,24.48,84,49,4.83
289,Saint-Philippe,RE,2021-04-01 21:21:20,-21.3585,55.7679,77.0,73,90,9.22
290,Thunder Bay,CA,2021-04-01 21:20:33,48.4001,-89.3168,37.4,35,1,16.11
291,Oistins,BB,2021-04-01 21:20:19,13.0667,-59.5333,80.6,54,20,19.57
292,Chany,RU,2021-04-01 21:22:47,55.3121,76.7647,20.59,82,100,17.98
293,Viedma,AR,2021-04-01 21:22:47,-40.8135,-62.9967,70.81,42,98,18.21
294,Cabedelo,BR,2021-04-01 21:22:35,-6.9811,-34.8339,82.4,78,40,5.75
295,Broome,US,2021-04-01 21:22:47,42.2506,-75.833,37.0,74,90,12.66
296,Cienfuegos,CU,2021-04-01 21:22:48,22.1461,-80.4356,84.2,65,39,13.8
297,Fomboni,KM,2021-04-01 21:22:48,-12.28,43.7425,83.55,74,46,7.47
298,Vodyane,UA,2021-04-01 21:22:48,47.4875,34.4924,45.81,73,2,7.99
299,Matias Barbosa,BR,2021-04-01 21:22:49,-21.8692,-43.3194,67.75,73,76,3.91
300,Odessa,UA,2021-04-01 21:22:49,46.4775,30.7326,42.8,70,0,4.47
301,Trincomalee,LK,2021-04-01 21:22:49,8.5711,81.2335,81.07,76,3,15.86
302,Cherskiy,RU,2021-04-01 21:22:49,68.75,161.3,-13.45,91,6,0.83
303,Bandarbeyla,SO,2021-04-01 21:22:50,9.4942,50.8122,77.23,72,38,3.33
304,Pangnirtung,CA,2021-04-01 21:22:50,66.1451,-65.7125,-11.2,70,75,18.41
305,Bantou,CN,2021-04-01 21:22:50,26.2151,117.4893,71.26,87,21,1.41
306,Vila Velha,BR,2021-04-01 21:18:06,-20.3297,-40.2925,77.0,73,75,5.75
307,Kahului,US,2021-04-01 21:18:03,20.8947,-156.47,80.6,57,40,18.41
308,Arroyo,ES,2021-04-01 21:18:16,41.6096,-4.7969,55.4,67,40,6.91
309,Lompoc,US,2021-04-01 21:22:51,34.6391,-120.4579,82.0,14,0,17.27
310,Gizo,SB,2021-04-01 21:22:51,-8.103,156.8419,82.53,77,73,8.01
311,Alta Floresta,BR,2021-04-01 21:21:53,-9.8756,-56.0861,77.86,91,98,2.42
312,Aripuana,BR,2021-04-01 21:22:52,-9.1667,-60.6333,78.57,93,73,1.23
313,Buraydah,SA,2021-04-01 21:22:52,26.326,43.975,82.4,39,75,6.91
314,Katherine,AU,2021-04-01 21:22:52,-14.4667,132.2667,75.2,83,99,3.44
315,Labuhan,ID,2021-04-01 21:22:52,-6.8844,112.2051,76.89,85,100,6.93
316,Mao,ES,2021-04-01 21:22:53,39.8885,4.2658,55.4,94,0,8.05
317,Peleduy,RU,2021-04-01 21:22:53,59.6289,112.7406,-2.02,99,100,2.59
318,El Bagre,CO,2021-04-01 21:22:53,7.5927,-74.8086,83.1,85,100,3.15
319,Seymchan,RU,2021-04-01 21:22:54,62.8833,152.4333,-1.8,93,42,3.83
320,Red Bluff,US,2021-04-01 21:22:54,40.1785,-122.2358,78.01,27,1,5.75
321,Tiksi,RU,2021-04-01 21:22:54,71.6872,128.8694,-8.36,99,100,9.37
322,College,US,2021-04-01 21:22:55,64.8569,-147.8028,10.0,56,75,10.36
323,Krutikha,RU,2021-04-01 21:22:55,53.9599,81.2093,14.74,91,44,7.83
324,Kang,BW,2021-04-01 21:22:55,-23.6752,22.7876,72.82,36,98,6.38
325,Agua Branca,BR,2021-04-01 21:22:56,-5.8922,-42.6361,75.56,89,100,1.66
326,Cairns,AU,2021-04-01 21:18:04,-16.9167,145.7667,75.2,83,75,11.5
327,Hokitika,NZ,2021-04-01 21:22:56,-42.7167,170.9667,57.47,89,100,2.39
328,Berdigestyakh,RU,2021-04-01 21:22:56,62.0989,126.6992,7.09,97,100,5.64
329,Necochea,AR,2021-04-01 21:22:57,-38.5473,-58.7368,68.0,65,81,4.0
330,Gobabis,NA,2021-04-01 21:22:57,-22.45,18.9667,70.09,42,100,7.07
331,Naica,MX,2021-04-01 21:22:57,27.85,-105.4833,73.33,37,75,15.35
332,Nhulunbuy,AU,2021-04-01 21:22:57,-12.2333,136.7667,75.2,100,75,21.85
333,Rumoi,JP,2021-04-01 21:22:58,43.9344,141.6428,36.0,80,10,4.99
334,Aktau,KZ,2021-04-01 21:22:58,43.65,51.2,53.6,20,49,20.13
335,Kwinana,AU,2021-04-01 21:22:58,-32.25,115.7667,71.01,82,23,4.7
336,Ostrovnoy,RU,2021-04-01 21:22:59,68.0531,39.5131,27.82,95,100,9.71
337,Port Hedland,AU,2021-04-01 21:21:48,-20.3167,118.5667,73.4,68,0,8.05
338,Maceio,BR,2021-04-01 21:18:18,-9.6658,-35.7353,78.8,83,0,5.75
339,Rocha,UY,2021-04-01 21:22:59,-34.4833,-54.3333,64.18,74,33,7.9
340,Kruisfontein,ZA,2021-04-01 21:21:28,-34.0033,24.7314,63.0,75,51,1.01
341,Manokwari,ID,2021-04-01 21:21:47,-0.8667,134.0833,78.58,80,100,4.18
342,Tautira,PF,2021-04-01 21:22:59,-17.7333,-149.15,86.0,70,75,5.75
343,Naze,JP,2021-04-01 21:23:00,28.3667,129.4833,66.67,95,100,13.76
344,Balkhash,KZ,2021-04-01 21:23:00,46.844,74.9804,32.07,73,39,7.72
345,Margate,GB,2021-04-01 21:23:00,51.3813,1.3862,46.0,78,1,7.0
346,Clarence Town,AU,2021-04-01 21:23:01,-32.5833,151.7833,61.0,100,40,5.75
347,Dong Hoi,VN,2021-04-01 21:23:01,17.4833,106.6,76.96,85,12,3.06
348,Eenhana,NA,2021-04-01 21:23:01,-17.4667,16.3333,73.4,83,77,3.44
349,Cockburn Town,TC,2021-04-01 21:21:34,21.4612,-71.1419,77.59,71,1,18.66
350,Leh,IN,2021-04-01 21:19:39,34.1667,77.5833,28.71,60,100,6.49
351,Moroni,KM,2021-04-01 21:23:02,-11.7022,43.2551,79.57,78,62,3.38
352,Igrim,RU,2021-04-01 21:23:02,63.1906,64.4162,25.72,97,100,5.21
353,Tura,IN,2021-04-01 21:23:02,25.5198,90.2201,69.78,89,0,7.78
354,Krasnoselkup,RU,2021-04-01 21:23:03,65.7,82.4667,12.29,94,100,18.41
355,Natal,BR,2021-04-01 21:18:22,-5.795,-35.2094,84.2,70,40,11.5
356,Zabaykalsk,RU,2021-04-01 21:23:03,49.6333,117.3167,30.99,86,100,22.37
357,Kalmunai,LK,2021-04-01 21:23:04,7.4167,81.8167,78.08,82,17,4.72
358,Isangel,VU,2021-04-01 21:23:04,-19.55,169.2667,80.49,81,97,9.91
359,Linda,US,2021-04-01 21:23:04,39.1277,-121.5508,82.0,18,1,0.76
360,Koungou,YT,2021-04-01 21:22:15,-12.7336,45.2042,82.4,83,0,4.61
361,Tianmen,CN,2021-04-01 21:23:05,30.6516,113.1603,52.52,93,100,8.43
362,Cabo San Lucas,MX,2021-04-01 21:23:05,22.8909,-109.9124,84.0,42,40,10.36
363,Roma,US,2021-04-01 21:22:35,43.2128,-75.4557,36.0,60,90,13.8
364,Nador,MA,2021-04-01 21:23:05,35.174,-2.9287,59.0,88,0,1.14
365,Shingu,JP,2021-04-01 21:21:34,33.7333,135.9833,58.89,88,83,11.43
366,Mbandaka,CD,2021-04-01 21:23:06,0.0487,18.2603,72.73,92,33,3.4
367,Sao Joaquim,BR,2021-04-01 21:23:06,-28.2939,-49.9317,72.0,74,64,6.4
368,Tacuarembo,UY,2021-04-01 21:23:06,-31.7333,-55.9833,68.94,59,18,6.46
369,Maniitsoq,GL,2021-04-01 21:18:07,65.4167,-52.9,28.33,96,100,19.66
370,Dongsheng,CN,2021-04-01 21:23:07,39.8161,109.9776,40.64,70,100,2.89
371,Nelson Bay,AU,2021-04-01 21:23:07,-32.7167,152.15,61.0,100,40,5.75
372,Salinas,US,2021-04-01 21:23:07,36.6777,-121.6555,82.4,27,1,17.27
373,Morlaix,FR,2021-04-01 21:23:08,48.5833,-4.0,53.6,87,100,13.8
374,Muzhi,RU,2021-04-01 21:23:08,65.3667,64.6667,25.32,97,100,4.07
375,Tulun,RU,2021-04-01 21:23:08,54.5611,100.5792,19.54,96,99,4.27
376,Havelock,US,2021-04-01 21:19:07,34.8791,-76.9013,55.4,58,75,10.36
377,General Roca,AR,2021-04-01 21:22:29,-39.0333,-67.5833,80.6,32,0,12.66
378,Sa Kaeo,TH,2021-04-01 21:23:09,13.75,102.3333,80.51,77,96,9.04
379,Kargil,IN,2021-04-01 21:23:09,34.5667,76.1,22.39,79,94,6.26
380,General Cepeda,MX,2021-04-01 21:23:09,25.3833,-101.45,51.8,100,90,5.75
381,Zeya,RU,2021-04-01 21:23:10,53.75,127.2667,28.96,98,100,4.18
382,Nantucket,US,2021-04-01 21:21:13,41.2835,-70.0995,46.4,100,75,13.8
383,Pinheiro Machado,BR,2021-04-01 21:23:10,-31.5783,-53.3811,62.01,99,59,14.0
384,Zaozerne,UA,2021-04-01 21:23:10,45.1582,33.2787,42.01,72,2,5.48
385,Fort-Shevchenko,KZ,2021-04-01 21:23:11,44.5086,50.263,53.04,32,66,27.25
386,Kailua,US,2021-04-01 21:23:11,21.4022,-157.7394,80.6,73,40,11.5
387,Thinadhoo,MV,2021-04-01 21:23:11,0.5333,72.9333,83.3,77,89,16.4
388,Quatre Cocos,MU,2021-04-01 21:23:05,-20.2078,57.7625,78.8,89,40,8.05
389,Husavik,IS,2021-04-01 21:23:12,66.0449,-17.3389,39.2,70,20,3.44
390,Cao Bang,VN,2021-04-01 21:23:12,22.6667,106.25,76.03,84,92,4.5
391,Ardabil,IR,2021-04-01 21:23:12,38.2498,48.2933,52.45,44,0,9.24
392,Easton,US,2021-04-01 21:23:12,40.6884,-75.2207,44.01,39,75,20.71
393,Rio Gallegos,AR,2021-04-01 21:21:34,-51.6226,-69.2181,55.4,62,0,16.11
394,Cherkasskoye,RU,2021-04-01 21:23:13,52.4333,47.2167,34.45,91,100,5.28
395,Muhos,FI,2021-04-01 21:23:13,64.808,25.9931,32.0,80,0,8.05
396,Bilma,NE,2021-04-01 21:23:14,18.6853,12.9164,74.12,12,0,12.68
397,Okahandja,NA,2021-04-01 21:23:14,-21.9833,16.9167,66.0,68,91,5.75
398,Ambilobe,MG,2021-04-01 21:22:02,-13.2,49.05,73.6,91,30,3.15
399,Ardakan,IR,2021-04-01 21:23:14,32.31,54.0175,66.2,14,20,4.61
400,Yulara,AU,2021-04-01 21:23:14,-25.2406,130.9889,62.6,42,0,5.75
401,Aksum,ET,2021-04-01 21:23:15,14.1245,38.7244,62.87,44,16,2.13
402,Hervey Bay,AU,2021-04-01 21:23:15,-25.2986,152.8535,68.0,93,94,4.0
403,Kavaratti,IN,2021-04-01 21:19:15,10.5669,72.642,83.3,66,100,11.36
404,Makakilo City,US,2021-04-01 21:23:15,21.3469,-158.0858,82.4,51,1,10.36
405,Williamstown,US,2021-04-01 21:23:16,39.6862,-74.9952,48.0,51,99,4.0
406,Palanga,LT,2021-04-01 21:23:16,55.9175,21.0686,32.0,100,0,4.61
407,Kangaatsiaq,GL,2021-04-01 21:23:17,68.3065,-53.4641,32.56,88,100,39.39
408,Salalah,OM,2021-04-01 21:23:17,17.0151,54.0924,78.8,57,0,4.61
409,Korla,CN,2021-04-01 21:23:17,41.7597,86.1469,47.14,46,100,16.58
410,Mapiripan,CO,2021-04-01 21:23:17,2.8892,-72.1256,82.58,78,97,4.52
411,Erzin,TR,2021-04-01 21:23:18,36.9559,36.2,51.01,86,85,3.33
412,Khandyga,RU,2021-04-01 21:23:18,62.6667,135.6,17.11,97,100,1.81
413,Farafangana,MG,2021-04-01 21:23:18,-22.8167,47.8333,74.79,79,100,9.04
414,Chopinzinho,BR,2021-04-01 21:23:19,-25.8558,-52.5233,66.99,59,0,3.91
415,Guiyang,CN,2021-04-01 21:23:19,26.5833,106.7167,55.4,94,90,6.71
416,Clarksdale,US,2021-04-01 21:23:19,34.2001,-90.5709,53.01,37,3,18.41
417,San Luis,AR,2021-04-01 21:18:33,-33.295,-66.3356,72.48,46,68,4.83
418,Vikhorevka,RU,2021-04-01 21:23:20,56.1201,101.1636,19.4,86,100,4.47
419,Catalina,US,2021-04-01 21:23:20,32.5056,-110.9211,93.2,5,1,14.97
420,Maxixe,MZ,2021-04-01 21:23:20,-23.8597,35.3472,72.14,70,0,8.68
421,Saint-Georges,GD,2021-04-01 21:23:21,12.0564,-61.7485,82.4,69,20,13.8
422,Rio Grande,BR,2021-04-01 21:23:21,-32.035,-52.0986,68.88,68,7,11.7
423,Isabela,PH,2021-04-01 21:23:21,6.7085,121.9711,77.0,100,90,4.61
424,Mungeli,IN,2021-04-01 21:23:22,22.0667,81.6833,73.49,7,0,4.97
425,Camacha,PT,2021-04-01 21:23:22,33.0833,-16.3333,62.6,82,20,12.66
426,Narsaq,GL,2021-04-01 21:23:22,60.9167,-46.05,39.2,70,75,4.61
427,Beringovskiy,RU,2021-04-01 21:23:22,63.05,179.3167,23.67,94,100,11.88
428,Gat,IL,2021-04-01 21:23:23,31.61,34.7642,55.0,64,8,5.03
429,Hofn,IS,2021-04-01 21:23:23,64.2539,-15.2082,42.19,65,0,5.23
430,Rock Sound,BS,2021-04-01 21:23:23,24.9,-76.2,76.89,71,84,8.48
431,Dicabisagan,PH,2021-04-01 21:23:24,17.0818,122.4157,75.06,86,13,3.04
432,Sosnovo-Ozerskoye,RU,2021-04-01 21:23:24,52.5249,111.5418,12.06,85,9,10.0
433,Tena,EC,2021-04-01 21:23:24,-0.9833,-77.8167,87.8,66,75,5.75
434,Novoselitskoye,RU,2021-04-01 21:23:24,44.7508,43.4369,35.6,87,99,8.95
435,Pozo Colorado,PY,2021-04-01 21:23:25,-23.4923,-58.7972,86.92,30,97,5.57
436,Sussex,US,2021-04-01 21:23:25,41.1834,-74.6663,44.6,42,90,14.97
437,Anadyr,RU,2021-04-01 21:23:25,64.75,177.4833,15.8,86,90,13.42
438,Hornepayne,CA,2021-04-01 21:23:26,49.2138,-84.7705,29.44,44,59,6.6
439,Mackay,AU,2021-04-01 21:23:26,-21.15,149.2,69.8,83,75,13.8
440,Nara,JP,2021-04-01 21:18:59,34.6851,135.8049,59.0,82,40,5.75
441,Doha,QA,2021-04-01 21:23:26,25.2867,51.5333,81.0,61,0,4.61
442,Gunnedah,AU,2021-04-01 21:23:27,-30.9833,150.25,61.0,84,30,1.99
443,Chesma,RU,2021-04-01 21:23:27,53.8111,60.6533,32.5,79,100,19.98
444,Sanford,US,2021-04-01 21:23:28,28.8006,-81.2731,68.0,34,90,11.5
445,Mombetsu,JP,2021-04-01 21:23:28,44.3525,143.3525,33.01,82,5,5.01
446,Tutoia,BR,2021-04-01 21:23:28,-2.7619,-42.2744,79.48,84,86,11.05
447,Henties Bay,NA,2021-04-01 21:23:28,-22.116,14.2845,68.7,79,19,5.86
448,Butembo,CD,2021-04-01 21:23:29,0.15,29.2833,57.16,97,93,3.36
449,Djambala,CG,2021-04-01 21:23:29,-2.5447,14.7533,71.42,84,79,2.33
450,Chicama,PE,2021-04-01 21:23:29,-7.8447,-79.1469,69.8,83,38,9.22
451,Am Timan,TD,2021-04-01 21:23:30,11.0297,20.2827,87.42,12,37,6.58
452,Antanifotsy,MG,2021-04-01 21:23:10,-19.65,47.3167,59.92,98,100,3.69
453,Codo,BR,2021-04-01 21:23:30,-4.4553,-43.8856,78.28,87,84,2.15
454,Noumea,NC,2021-04-01 21:18:33,-22.2763,166.4572,78.01,88,90,18.41
455,Bud,US,2021-04-01 21:23:30,39.447,-86.1758,37.99,50,99,17.63
456,Antalaha,MG,2021-04-01 21:23:31,-14.9003,50.2788,74.16,93,100,6.17
457,Dingle,PH,2021-04-01 21:23:31,10.9995,122.6711,73.98,89,100,7.56
458,Panjab,AF,2021-04-01 21:23:31,34.388,67.0233,22.01,73,18,4.85
459,Ampanihy,MG,2021-04-01 21:23:32,-24.7,44.75,69.58,82,0,10.8
460,Ixtapa,MX,2021-04-01 21:20:01,20.7,-105.2,78.8,69,1,12.66
461,Niquero,CU,2021-04-01 21:23:32,20.0431,-77.5828,83.86,62,43,9.22
462,Luxor,EG,2021-04-01 21:23:33,25.6989,32.6421,66.2,34,0,4.61
463,Kiama,AU,2021-04-01 21:23:33,-34.6833,150.8667,62.01,96,52,1.01
464,Cap Malheureux,MU,2021-04-01 21:23:33,-19.9842,57.6142,77.0,84,10,3.0
465,Yakeshi,CN,2021-04-01 21:23:33,49.2833,120.7333,33.98,99,100,4.23
466,Wajir,KE,2021-04-01 21:23:34,1.7471,40.0573,83.5,59,37,17.47
467,Oeiras,BR,2021-04-01 21:23:34,-7.0253,-42.1311,78.39,77,100,2.73
468,Sabang,ID,2021-04-01 21:23:34,5.8933,95.3214,81.3,79,100,21.79
469,Hamilton,US,2021-04-01 21:23:35,39.1834,-84.5333,37.4,41,90,16.11
470,Bafata,GW,2021-04-01 21:23:35,12.1667,-14.75,80.47,49,0,9.26
471,Razole,IN,2021-04-01 21:23:35,16.4833,81.8333,78.93,96,99,5.41
472,Chimoio,MZ,2021-04-01 21:23:36,-19.1164,33.4833,66.2,82,40,9.22
473,Sinjar,IQ,2021-04-01 21:23:36,36.3209,41.8754,55.98,47,1,6.33
474,Halifax,CA,2021-04-01 21:22:36,44.6453,-63.5724,48.99,93,100,20.71
475,Uvinza,TZ,2021-04-01 21:22:23,-5.1036,30.3911,65.14,94,89,2.33
476,Kaeo,NZ,2021-04-01 21:23:36,-35.1,173.7833,66.0,86,19,7.0
477,Lulea,SE,2021-04-01 21:23:37,65.5842,22.1547,33.8,75,40,5.75
478,Kropotkin,RU,2021-04-01 21:23:37,45.4375,40.5756,45.68,80,75,5.91
479,Tolaga Bay,NZ,2021-04-01 21:23:37,-38.3667,178.3,59.07,59,3,3.6
480,Shenjiamen,CN,2021-04-01 21:23:37,29.9576,122.298,58.84,97,97,6.69
481,Evensk,RU,2021-04-01 21:23:38,61.95,159.2333,17.8,84,100,15.12
482,Atascadero,US,2021-04-01 21:19:02,35.4894,-120.6707,86.0,12,1,4.61
483,Riyadh,SA,2021-04-01 21:22:04,24.6877,46.7219,82.4,21,0,5.75
484,Avera,US,2021-04-01 21:23:38,33.194,-82.5271,59.0,23,1,11.5
485,Looc,PH,2021-04-01 21:23:39,12.2605,121.9926,77.9,76,100,5.59
486,Shirokiy,RU,2021-04-01 21:23:39,49.758,129.523,39.31,72,100,8.01
487,Port Macquarie,AU,2021-04-01 21:23:39,-31.4333,152.9167,66.99,99,99,3.0
488,Rio Blanco,MX,2021-04-01 21:23:40,18.8333,-97.15,74.17,44,41,12.86
489,Yueyang,CN,2021-04-01 21:23:40,29.3333,113.0919,53.6,92,100,8.61
490,Kajaani,FI,2021-04-01 21:23:40,64.2273,27.7285,28.4,80,0,3.44
491,Vaitape,PF,2021-04-01 21:23:40,-16.5167,-151.75,82.36,68,76,6.93
492,Sobolevo,RU,2021-04-01 21:23:41,54.4299,31.8996,36.59,96,100,12.95
493,Westport,US,2021-04-01 21:23:41,41.1415,-73.3579,48.99,49,90,14.97
494,Mpika,ZM,2021-04-01 21:23:41,-11.8343,31.4529,61.2,98,65,6.58
495,Port Blair,IN,2021-04-01 21:22:14,11.6667,92.75,80.51,71,100,10.51
496,Udachnyy,RU,2021-04-01 21:23:42,66.4167,112.4,-24.16,99,93,6.15
497,Buala,SB,2021-04-01 21:23:42,-8.145,159.5921,82.11,79,97,6.35
498,Hirara,JP,2021-04-01 21:23:42,24.8,125.2833,75.78,91,14,9.53
499,Yeppoon,AU,2021-04-01 21:23:43,-23.1333,150.7333,66.2,77,73,18.41
500,Taksimo,RU,2021-04-01 21:23:43,56.3444,114.8794,6.12,87,78,2.98
501,Nuevo Progreso,MX,2021-04-01 21:23:43,23.1667,-97.95,59.0,81,100,7.0
502,Guarapari,BR,2021-04-01 21:23:43,-20.6667,-40.4975,77.0,73,75,5.75
503,Nandikotkur,IN,2021-04-01 21:23:44,15.8667,78.2667,84.29,22,89,8.14
504,Hobyo,SO,2021-04-01 21:23:44,5.3505,48.5268,81.34,72,9,12.71
505,Half Moon Bay,US,2021-04-01 21:22:37,37.4636,-122.4286,75.2,37,1,5.75
506,Conakry,GN,2021-04-01 21:23:44,9.538,-13.6773,82.4,61,0,2.3
507,Kuningan,ID,2021-04-01 21:23:45,-6.9758,108.4831,69.76,94,100,3.44
508,Gazojak,TM,2021-04-01 21:23:45,41.1875,61.4036,45.63,38,0,14.43
509,Cardenas,CU,2021-04-01 21:23:45,23.0375,-81.2047,80.6,69,20,13.8
510,Szczytno,PL,2021-04-01 21:23:46,53.5626,20.9875,35.6,93,75,8.05
511,Salinopolis,BR,2021-04-01 21:23:46,-0.6136,-47.3561,78.24,83,92,3.96
512,Tamandare,BR,2021-04-01 21:23:46,-8.7597,-35.1047,79.56,74,40,8.9
513,Gravdal,NO,2021-04-01 21:23:47,68.1214,13.5031,38.98,70,97,21.34
514,Dudinka,RU,2021-04-01 21:23:47,69.4058,86.1778,-10.84,91,21,7.99
515,Urumqi,CN,2021-04-01 21:23:47,43.801,87.6005,39.2,60,0,6.71
516,Saint Albans,GB,2021-04-01 21:22:47,51.75,-0.3333,43.0,81,90,14.97
517,Alice Springs,AU,2021-04-01 21:23:08,-23.7,133.8833,55.4,82,0,4.61
518,Nata,PA,2021-04-01 21:23:48,8.3333,-80.5167,84.2,74,40,6.91
519,Odoyev,RU,2021-04-01 21:23:48,53.9393,36.6864,36.43,91,100,5.7
520,Talagang,PK,2021-04-01 21:23:48,32.9297,72.4158,60.71,14,0,3.4
521,Souillac,MU,2021-04-01 21:23:11,-20.5167,57.5167,78.8,89,40,8.05
522,Mvuma,ZW,2021-04-01 21:23:49,-19.2792,30.5283,58.48,52,11,6.62
523,Sitka,US,2021-04-01 21:21:50,57.0531,-135.33,33.8,93,90,3.44
524,Buta,CD,2021-04-01 21:23:49,2.7858,24.73,68.34,97,98,2.42
525,Tshikapa,CD,2021-04-01 21:23:49,-6.4167,20.8,71.56,92,30,1.14
526,Gafanha Da Encarnacao,PT,2021-04-01 21:23:50,40.6181,-8.733,59.0,80,34,1.86
527,Humboldt,US,2021-04-01 21:23:50,40.6665,-123.9178,66.0,58,1,19.57
528,Atar,MR,2021-04-01 21:21:27,20.5169,-13.0499,90.73,7,100,7.52
529,Balabac,PH,2021-04-01 21:23:07,7.9868,117.0645,74.17,93,100,10.27
530,Sarakhs,IR,2021-04-01 21:23:50,36.5449,61.1577,50.0,46,90,2.3
531,Ancud,CL,2021-04-01 21:21:38,-41.8697,-73.8203,59.0,82,90,4.61
532,Port Lincoln,AU,2021-04-01 21:23:51,-34.7333,135.8667,68.25,65,0,6.91
533,Ohara,JP,2021-04-01 21:23:51,35.25,140.3833,57.0,71,75,8.05
534,Fergus Falls,US,2021-04-01 21:23:52,46.283,-96.0776,48.2,31,1,20.71
535,Kaili,ID,2021-04-01 21:23:52,-3.4626,120.2147,67.37,91,98,3.67
536,Deqing,CN,2021-04-01 21:23:52,30.5448,119.9599,63.0,96,100,7.0
537,Falefa,WS,2021-04-01 21:23:52,-13.887,-171.588,87.8,74,40,10.36
538,Shrigonda,IN,2021-04-01 21:23:53,18.6167,74.6833,77.18,37,10,9.95
539,Vanimo,PG,2021-04-01 21:23:53,-2.6741,141.3028,77.74,87,100,4.09
540,Pemangkat,ID,2021-04-01 21:23:53,1.1667,108.9667,77.85,82,61,2.86
541,Gayeri,BF,2021-04-01 21:23:54,12.6497,0.4931,84.18,4,1,9.64
542,Umm Lajj,SA,2021-04-01 21:23:54,25.0213,37.2685,69.93,43,0,13.67
543,Cururupu,BR,2021-04-01 21:23:54,-1.8283,-44.8683,76.55,90,89,3.04
544,Cap Estate,LC,2021-04-01 21:23:55,14.0833,-60.95,80.6,65,20,14.97
545,Dobretu,RO,2021-04-01 21:23:55,44.5,23.95,53.01,57,0,6.91
546,Yarkovo,RU,2021-04-01 21:23:55,57.4028,67.0786,34.63,97,100,10.51
547,Jumla,NP,2021-04-01 21:23:56,29.2747,82.1838,39.85,25,0,6.96
548,Gamba,GA,2021-04-01 21:23:56,-2.65,10.0,78.21,86,96,5.39
549,Asau,RO,2021-04-01 21:23:56,46.4333,26.4,51.01,45,41,6.06
550,Sambava,MG,2021-04-01 21:23:57,-14.2667,50.1667,76.5,89,99,10.11
551,Rodino,RU,2021-04-01 21:23:57,52.5,80.25,16.65,92,12,8.16
552,Le Moule,GP,2021-04-01 21:23:57,16.3332,-61.3473,80.6,65,75,16.11
553,Kargasok,RU,2021-04-01 21:23:57,59.0556,80.8572,24.67,88,100,16.49
554,Lazaro Cardenas,MX,2021-04-01 21:23:58,17.9583,-102.2,86.16,49,0,14.07
555,Lahan,NP,2021-04-01 21:23:58,26.7296,86.4951,70.36,5,0,6.11
556,Samarai,PG,2021-04-01 21:23:58,-10.6167,150.6667,80.33,79,100,4.45
557,Bambari,CF,2021-04-01 21:23:59,5.768,20.6757,79.5,62,75,5.3
558,Komsomolskiy,UZ,2021-04-01 21:23:59,40.4272,71.7189,33.8,64,0,4.61
559,Nago,JP,2021-04-01 21:23:59,26.5881,127.9761,73.0,88,90,6.91
560,Dunmore Town,BS,2021-04-01 21:24:00,25.5,-76.65,76.73,72,71,8.86
561,Miles City,US,2021-04-01 21:24:00,46.4083,-105.8406,69.8,11,1,14.97
562,Chernyy Yar,RU,2021-04-01 21:24:00,48.0624,46.1091,43.18,58,18,10.25
563,Saint-Augustin,CA,2021-04-01 21:24:01,51.226,-58.6502,34.5,99,100,7.38
564,Ikwiriri,TZ,2021-04-01 21:24:01,-7.9562,38.9716,73.36,98,100,3.09
565,Masasi,TZ,2021-04-01 21:24:01,-10.7167,38.8,67.93,95,98,2.39
566,Havoysund,NO,2021-04-01 21:24:01,70.9963,24.6622,26.6,80,100,3.44
567,Saint-Joseph,RE,2021-04-01 21:24:02,-21.3667,55.6167,77.0,73,90,9.22
568,Lesnoy,RU,2021-04-01 21:24:02,57.6198,63.0784,33.67,96,100,9.64
569,Te Anau,NZ,2021-04-01 21:24:02,-45.4167,167.7167,52.92,91,100,5.99
570,Marsa Matruh,EG,2021-04-01 21:24:03,31.3525,27.2453,57.2,58,40,11.5
571,Ochamchira,GE,2021-04-01 21:24:03,42.7121,41.4721,48.94,89,100,1.95
572,Bangkalan,ID,2021-04-01 21:24:03,-7.0455,112.7351,77.0,94,40,3.44
573,Solnechnyy,RU,2021-04-01 21:22:43,50.7214,136.6319,26.73,88,65,2.89
574,Morondava,MG,2021-04-01 21:24:04,-20.2833,44.2833,78.53,68,2,10.54
575,Aquiraz,BR,2021-04-01 21:24:04,-3.9014,-38.3911,82.4,74,20,10.36
576,Buchanan,LR,2021-04-01 21:24:04,5.8808,-10.0467,79.5,87,48,7.52
577,Ahipara,NZ,2021-04-01 21:24:05,-35.1667,173.1667,66.31,70,45,12.48
578,Ribeira Brava,PT,2021-04-01 21:24:05,32.65,-17.0667,59.0,87,0,3.0
579,Abu Kamal,SY,2021-04-01 21:24:05,34.4506,40.9171,62.87,33,85,7.43
580,Muros,ES,2021-04-01 21:24:06,42.7762,-9.0603,60.01,90,94,2.55
